<?xml version="1.0" encoding="UTF-8"?>
<!DOCTYPE mapper PUBLIC "-//mybatis.org//DTD Mapper 3.0//EN" "http://mybatis.org/dtd/mybatis-3-mapper.dtd">
<mapper namespace="com.yujia.topbang.api.mapper.BannerMapper">

    <!-- 通用查询映射结果 -->
    <resultMap id="BaseResultMap" type="com.yujia.topbang.api.entity.BannerDO">
        <id column="id" property="id" />
        <result column="group_id" property="groupId" />
        <result column="title" property="title" />
        <result column="description" property="description" />
        <result column="img_url" property="imgUrl" />
        <result column="link_url" property="linkUrl" />
        <result column="used" property="used" />
        <result column="gmt_create" property="gmtCreate" />
        <result column="gmt_modified" property="gmtModified" />
        <result column="is_deleted" property="isDeleted" />
    </resultMap>

    <!-- 通用查询结果列 -->
    <sql id="Base_Column_List">
        id, group_id, title, description, img_url, link_url, used, gmt_create, gmt_modified, is_deleted
    </sql>

</mapper>
