<?xml version="1.0" encoding="UTF-8"?>
<!DOCTYPE mapper PUBLIC "-//mybatis.org//DTD Mapper 3.0//EN" "http://mybatis.org/dtd/mybatis-3-mapper.dtd">
<mapper namespace="com.yujia.topbang.api.mapper.ProductApplyIndustryMapper">

    <!-- 通用查询映射结果 -->
    <resultMap id="BaseResultMap" type="com.yujia.topbang.api.entity.ProductApplyIndustryDO">
        <id column="id" property="id" />
        <result column="prod_id" property="prodId" />
        <result column="industry_id" property="industryId" />
        <result column="industry_name" property="industryName" />
        <result column="gmt_create" property="gmtCreate" />
        <result column="gmt_modified" property="gmtModified" />
        <result column="is_deleted" property="isDeleted" />
    </resultMap>

    <!-- 通用查询结果列 -->
    <sql id="Base_Column_List">
        id, prod_id, industry_id, industry_name, gmt_create, gmt_modified, is_deleted
    </sql>

</mapper>
