<?xml version="1.0" encoding="UTF-8"?>
<!DOCTYPE mapper PUBLIC "-//mybatis.org//DTD Mapper 3.0//EN" "http://mybatis.org/dtd/mybatis-3-mapper.dtd">
<mapper namespace="com.yujia.topbang.api.mapper.ProductMapper">

    <!-- 通用查询映射结果 -->
    <resultMap id="BaseResultMap" type="com.yujia.topbang.api.entity.ProductDO">
        <id column="id" property="id" />
        <result column="name" property="name" />
        <result column="description" property="description" />
        <result column="score" property="score" />
        <result column="price" property="price" />
        <result column="stock" property="stock" />
        <result column="content" property="content" />
        <result column="gmt_create" property="gmtCreate" />
        <result column="gmt_modified" property="gmtModified" />
        <result column="is_deleted" property="isDeleted" />
    </resultMap>

    <!-- 通用查询结果列 -->
    <sql id="Base_Column_List">
        id, name, description, score, price, stock, content, gmt_create, gmt_modified, is_deleted
    </sql>

</mapper>
