<?xml version="1.0" encoding="UTF-8"?>
<!DOCTYPE mapper PUBLIC "-//mybatis.org//DTD Mapper 3.0//EN" "http://mybatis.org/dtd/mybatis-3-mapper.dtd">
<mapper namespace="com.yujia.topbang.api.mapper.UserCardMapper">

    <!-- 通用查询映射结果 -->
    <resultMap id="BaseResultMap" type="com.yujia.topbang.api.entity.UserCardDO">
        <id column="id" property="id" />
        <result column="user_id" property="userId" />
        <result column="name" property="name" />
        <result column="cardno" property="cardno" />
        <result column="image_url" property="imageUrl" />
        <result column="image_url2" property="imageUrl2" />
        <result column="type" property="type" />
        <result column="status" property="status" />
        <result column="gmt_create" property="gmtCreate" />
        <result column="gmt_modified" property="gmtModified" />
        <result column="is_deleted" property="isDeleted" />
    </resultMap>

    <!-- 通用查询结果列 -->
    <sql id="Base_Column_List">
        id, user_id, name, cardno, image_url, image_url2, type, status, gmt_create, gmt_modified, is_deleted
    </sql>

</mapper>
