<?xml version="1.0" encoding="UTF-8"?>
<!DOCTYPE mapper PUBLIC "-//mybatis.org//DTD Mapper 3.0//EN" "http://mybatis.org/dtd/mybatis-3-mapper.dtd">
<mapper namespace="com.yujia.topbang.api.mapper.UserProductBrowseHistoryMapper">

    <!-- 通用查询映射结果 -->
    <resultMap id="BaseResultMap" type="com.yujia.topbang.api.entity.UserProductBrowseHistoryDO">
        <id column="id" property="id"/>
        <result column="user_id" property="userId"/>
        <result column="prod_id" property="prodId"/>
        <result column="gmt_create" property="gmtCreate"/>
        <result column="gmt_modified" property="gmtModified"/>
        <result column="is_deleted" property="isDeleted"/>
    </resultMap>

    <!-- 通用查询结果列 -->
    <sql id="Base_Column_List">
        id, user_id, prod_id, gmt_create, gmt_modified, is_deleted
    </sql>

    <select id="" resultMap="BaseResultMap">
        select upc.*,p.industry_name,p.video_img_url,p.price
        from user_product_collection as upc
        left join product as p on upc.prod_id=p.id;
    </select>

</mapper>
