<?xml version="1.0" encoding="UTF-8"?>
<!DOCTYPE mapper PUBLIC "-//mybatis.org//DTD Mapper 3.0//EN" "http://mybatis.org/dtd/mybatis-3-mapper.dtd">
<mapper namespace="com.yujia.topbang.api.mapper.VideoMapper">

    <!-- 通用查询映射结果 -->
    <resultMap id="BaseResultMap" type="com.yujia.topbang.api.entity.VideoDO">
        <id column="id" property="id" />
        <result column="prod_id" property="prodId" />
        <result column="user_id" property="userId" />
        <result column="video_url" property="videoUrl" />
        <result column="img_url" property="imgUrl" />
        <result column="duration" property="duration" />
        <result column="size" property="size" />
        <result column="content" property="content" />
        <result column="gmt_create" property="gmtCreate" />
        <result column="gmt_modified" property="gmtModified" />
        <result column="is_deleted" property="isDeleted" />
    </resultMap>

    <!-- 通用查询结果列 -->
    <sql id="Base_Column_List">
        id, prod_id, user_id, video_url, img_url, duration, size, content, gmt_create, gmt_modified, is_deleted
    </sql>

</mapper>
